{
  "library": {
	"cup":   { "name": "こっぷ", "icon": "res://art/icons/cup/",   "scene": "res://tscn/Generic_Item.tscn" },
	"star":  { "name": "ほし",   "icon": "res://art/icons/star/",  "scene": "res://tscn/Generic_Item.tscn" },
	"insect":   {"name":"むし",   "icon":"res://art/icons/insect/",   "scene":"res://tscn/Generic_Item.tscn"},
		"firework": {"name":"はなび", "icon":"res://art/icons/firework/", "scene":"res://tscn/Generic_Item.tscn"},
		"pen":      {"name":"ぺん",   "icon":"res://art/icons/pen/",      "scene":"res://tscn/Generic_Item.tscn"},
		"scissor":  {"name":"はさみ", "icon":"res://art/icons/scissor/",  "scene":"res://tscn/Generic_Item.tscn"},
		"plate":    {"name":"おさら", "icon":"res://art/icons/plate/",    "scene":"res://tscn/Generic_Item.tscn"},
		"owl":{"name":"ふくろう","icon":"res://art/icons/owl/","scene":"res://tscn/Generic_Item.tscn"},
		"fuwafuwachan":{"name":"ふわふわちゃん","icon":"res://art/icons/fuwafuwachan/","scene":"res://tscn/Generic_Item.tscn"},
		"fuwafuwamother":{"name":"ふわふわちゃんのおかあさん","icon":"res://art/icons/fuwafuwamother/","scene":"res://tscn/Generic_Item.tscn"},
		"father":{"name":"おとうさん","icon":"res://art/icons/father/","scene":"res://tscn/Generic_Item.tscn"},
		"hand":{"name":"て","icon":"res://art/icons/hand/","scene":"res://tscn/Generic_Item.tscn"},
		"handle":{"name":"はんどる","icon":"res://art/icons/handle/","scene":"res://tscn/Generic_Item.tscn"},
		"hospital":{"name":"びょういん","icon":"res://art/icons/hospital/","scene":"res://tscn/Generic_Item.tscn"},
		"i_lady":{"name":"わたし","icon":"res://art/icons/i_lady/","scene":"res://tscn/Generic_Item.tscn"},
		"l_sister":{"name":"いもうと","icon":"res://art/icons/l_sister/","scene":"res://tscn/Generic_Item.tscn"},
		"mother":{"name":"おかあさん","icon":"res://art/icons/mother/","scene":"res://tscn/Generic_Item.tscn"},
		"pc":{"name":"ぱそこん","icon":"res://art/icons/pc/","scene":"res://tscn/Generic_Item.tscn"},
		"roadbed":{"name":"せんろ","icon":"res://art/icons/roadbed/","scene":"res://tscn/Generic_Item.tscn"},
		"shiftlever":{"name":"しふとればー","icon":"res://art/icons/shiftlever/","scene":"res://tscn/Generic_Item.tscn"},
		"paper":{"name":"かみ","icon":"res://art/icons/paper/","scene":"res://tscn/Generic_Item.tscn"},
		"love":{"name":"すき","icon":"res://art/icons/love/","scene":"res://tscn/Generic_Item.tscn"}
	},
  "aliases": {
	"cup":  ["こっぷ","コップ","こづぶ","こっぷー","こぷ"],
	"star": ["ほし","おほしさま","きらきら","ぴかぴか","ほーし","おしさん"],
	"insect":   ["むし","むしさん","おいししょ","むししゃ","おしさん"],
		"firework": ["はなび","あなに","おなにい","はなに"],
		"pen":      ["ぺん","ペン","ぴん"],
		"scissor":  ["はさみ","ちょき","ちょきちょき","しゃきしゃき"],
		"plate":    ["おさら","さら","まる"],
		"owl":["ふくろう","ほーほー","おめめ","ふくおー"],
		"fuwafuwachan":["ふわふわちゃん","ふあふあちゃん"],
		"fuwafuwamother":["ふわふわちゃんのおかあさん","ふわふわちゃんまま"],
		"hand":["て","おてて","てって"],
		"handle":["はんどる","ぐるぐる","くるくる","おぺべんしゃい"],
		"hospital":["びょういん","おしゃんかせんのはし","こわい"],
		"i_lady":["わたし","あんし","みいちゃん","まいちゃん"],
		"l_sister":["いもうと","いもちゃん"],
		"mother":["おかあさん","まま","まんま","あんまー"],
		"pc":["ぱそこん","かたかた"],
		"roadbed":["せんろ","でんしゃさんのみち"],
		"shiftlever":["しふとればー","おぺべんしゃい","かちゃかちゃ"],
		"paper":["かみ","あに","あみ"],
		"love":["すき","しゅき","きー"]
		
  }
}
