[
   {"id":"cup", "display": "こっぷ", "icon": "res://art/icons/cup/",   "scene": "res://tscn/Generic_Item.tscn" },	
	{"id":"star", "display": "ほし",   "icon": "res://art/icons/star/",  "scene": "res://tscn/Generic_Item.tscn" },
	{"id":"insect","display":"むし",   "icon":"res://art/icons/insect/",   "scene":"res://tscn/Generic_Item.tscn"},
	{"id":"firework","display":"はなび", "icon":"res://art/icons/firework/", "scene":"res://tscn/Generic_Item.tscn"},
	{"id":"pen","display":"ぺん",   "icon":"res://art/icons/pen/",      "scene":"res://tscn/Generic_Item.tscn"},
	{"id":"scissor","display":"はさみ", "icon":"res://art/icons/scissor/",  "scene":"res://tscn/Generic_Item.tscn"},
	{"id":"plate", "display":"おさら", "icon":"res://art/icons/plate/",    "scene":"res://tscn/Generic_Item.tscn"},
	{"id":"owl","display":"ふくろう","icon":"res://art/icons/owl/","scene":"res://tscn/Generic_Item.tscn"},
	{"id":"fuwafuwachan","display":"ふわふわちゃん","icon":"res://art/icons/fuwafuwachan/","scene":"res://tscn/Generic_Item.tscn"},
	{"id":"fuwafuwamother","display":"ふわふわちゃんのおかあさん","icon":"res://art/icons/fuwafuwamother/","scene":"res://tscn/Generic_Item.tscn"},
	{"id":"father","display":"おとうさん","icon":"res://art/icons/father/","scene":"res://tscn/Generic_Item.tscn"},
	{"id":"hand","display":"て","icon":"res://art/icons/hand/","scene":"res://tscn/Generic_Item.tscn"},
	{"id":"handle","display":"はんどる","icon":"res://art/icons/handle/","scene":"res://tscn/Gemeric_Item.tscn"},
	{"id":"hospital","display":"びょういん","icon":"res://art/icons/hospital/","scene":"res://tscn/Generic_Item.tscn"},
	{"id":"i_lady","display":"わたし","icon":"res://art/icons/i_lady/","scene":"res://tscn/Generic_Item.tscn"},
	{"id":"l_sister","display":"いもうと","icon":"res://art/icons/l_sister/","scene":"res://tscn/Generic_Item.tscn"},
	{"id":"mother","display":"おかあさん","icon":"res://art/icons/mother/","scene":"res://tscn/Generic_Item.tscn"},
	{"id":"pc","display":"ぱそこん","icon":"res://art/icons/pc/","scene":"res://tscn/Generic_Item.tscn"},
	{"id":"roadbed","display":"せんろ","icon":"res://art/icons/roadbed/","scene":"res://tscn/Generic_Item.tscn"},
	{"id":"shiftlever","display":"しふとればー","icon":"res://art/icons/shiftlever/","scene":"res://tscn/Generic_Item.tscn"},
	{"id":"paper","display":"かみ","icon":"res://art/icons/paper/","scene":"res://tscn/Generic_Item.tscn"},
	{"id":"love","display":"すき","icon":"res://art/icons/love/","scene":"res://tscn/Generic_Item.tscn"}
		]
